,Ativação,MAE,RMSE,Rede
0,relu,10.084666601816814,12.954430001863342,lenet
1,lrelu,10.80385478337606,13.618781319579732,lenet
2,relu,11.066962432861327,14.089520914827977,alexnet
